{
    "net-8": {
        "flops": 13549975.0,
        "params": 7951.0,
        "flops_readable": "13.550M",
        "params_readable": "7.951K",
        "avg_time_ms": 0.4239320755004883,
        "std_time_ms": 0.19640967260672396,
        "ops_per_second": 31962608594.792194,
        "ops_per_second_readable": "31.96 GOPS",
        "ops_per_parameter": 4019948.257425757
    },
    "net-20": {
        "flops": 52693985.0,
        "params": 46423.0,
        "flops_readable": "52.694M",
        "params_readable": "46.423K",
        "avg_time_ms": 0.7385659217834473,
        "std_time_ms": 0.06408288578836856,
        "ops_per_second": 71346353041.52342,
        "ops_per_second_readable": "71.35 GOPS",
        "ops_per_parameter": 1536875.1059070595
    },
    "net-32": {
        "flops": 114420700.0,
        "params": 116623.0,
        "flops_readable": "114.421M",
        "params_readable": "116.623K",
        "avg_time_ms": 1.2712812423706055,
        "std_time_ms": 0.29100882270449074,
        "ops_per_second": 90004238390.73993,
        "ops_per_second_readable": "90.00 GOPS",
        "ops_per_parameter": 771753.7568982099
    }
}