{
    "flops": 32768000.0,
    "params": 65320.0,
    "flops_readable": "32.768M",
    "params_readable": "65.320K",
    "avg_time_ms": 0.27801990509033203,
    "std_time_ms": 0.03745739505571787,
    "ops_per_second": 117862064550.21011,
    "ops_per_second_readable": "117.86 GOPS",
    "ops_per_parameter": 1804379.4327956233
}