{
    "net-8": {
        "flops": 13549975.0,
        "params": 7951.0,
        "flops_readable": "13.550M",
        "params_readable": "7.951K",
        "avg_time_ms": 1.188371181488037,
        "std_time_ms": 1.4597682673088186,
        "ops_per_second": 11402140350.654743,
        "ops_per_second_readable": "11.40 GOPS",
        "ops_per_parameter": 1434051.1068613688
    },
    "net-20": {
        "flops": 52693985.0,
        "params": 46423.0,
        "flops_readable": "52.694M",
        "params_readable": "46.423K",
        "avg_time_ms": 1.4495182037353516,
        "std_time_ms": 0.5500065329838129,
        "ops_per_second": 36352758360.819244,
        "ops_per_second_readable": "36.35 GOPS",
        "ops_per_parameter": 783076.456946325
    },
    "net-32": {
        "flops": 114420700.0,
        "params": 116623.0,
        "flops_readable": "114.421M",
        "params_readable": "116.623K",
        "avg_time_ms": 1.7647075653076172,
        "std_time_ms": 0.8729207256731547,
        "ops_per_second": 64838334832.01202,
        "ops_per_second_readable": "64.84 GOPS",
        "ops_per_parameter": 555965.2455520096
    }
}