{
    "net-8": {
        "flops": 13549975.0,
        "params": 7951.0,
        "flops_readable": "13.550M",
        "params_readable": "7.951K",
        "avg_time_ms": 0.45386314392089844,
        "std_time_ms": 0.18578462241753416,
        "ops_per_second": 29854759483.095543,
        "ops_per_second_readable": "29.85 GOPS",
        "ops_per_parameter": 3754843.3509112746
    },
    "net-20": {
        "flops": 52693985.0,
        "params": 46423.0,
        "flops_readable": "52.694M",
        "params_readable": "46.423K",
        "avg_time_ms": 1.1691522598266602,
        "std_time_ms": 0.48706156322929967,
        "ops_per_second": 45070250309.239,
        "ops_per_second_readable": "45.07 GOPS",
        "ops_per_parameter": 970860.3560571052
    },
    "net-32": {
        "flops": 114420700.0,
        "params": 116623.0,
        "flops_readable": "114.421M",
        "params_readable": "116.623K",
        "avg_time_ms": 1.7155957221984863,
        "std_time_ms": 0.6320630075414664,
        "ops_per_second": 66694442355.786,
        "ops_per_second_readable": "66.69 GOPS",
        "ops_per_parameter": 571880.6955384959
    }
}