{
    "net-8": {
        "flops": 13549975.0,
        "params": 7951.0,
        "flops_readable": "13.550M",
        "params_readable": "7.951K",
        "avg_time_ms": 0.37043094635009766,
        "std_time_ms": 0.11571920515326799,
        "ops_per_second": 36578949824.54785,
        "ops_per_second_readable": "36.58 GOPS",
        "ops_per_parameter": 4600547.078926909
    },
    "net-20": {
        "flops": 52693985.0,
        "params": 46423.0,
        "flops_readable": "52.694M",
        "params_readable": "46.423K",
        "avg_time_ms": 0.7659554481506348,
        "std_time_ms": 0.1446546110137301,
        "ops_per_second": 68795104372.22853,
        "ops_per_second_readable": "68.80 GOPS",
        "ops_per_parameter": 1481918.5397804652
    },
    "net-32": {
        "flops": 114420700.0,
        "params": 116623.0,
        "flops_readable": "114.421M",
        "params_readable": "116.623K",
        "avg_time_ms": 1.3119697570800781,
        "std_time_ms": 0.4068218479477216,
        "ops_per_second": 87212909735.55281,
        "ops_per_second_readable": "87.21 GOPS",
        "ops_per_parameter": 747819.1243198409
    }
}