{
    "flops": 32768000.0,
    "params": 65320.0,
    "flops_readable": "32.768M",
    "params_readable": "65.320K",
    "avg_time_ms": 0.602266788482666,
    "std_time_ms": 0.4941902293636838,
    "ops_per_second": 54407781778.163086,
    "ops_per_second_readable": "54.41 GOPS",
    "ops_per_parameter": 832942.15826949
}