{
    "net-8": {
        "total_params": 7951.0,
        "trainable_params": 7951.0,
        "non_trainable_params": 0.0,
        "avg_time_ms": 0.4429006576538086,
        "std_time_ms": 0.2969133638892519,
        "ops": 30593768073.81329,
        "flops_per_inference": 13550000.0,
        "ops_per_parameter": 3847788.71510669
    },
    "net-20": {
        "total_params": 46423.0,
        "trainable_params": 46423.0,
        "non_trainable_params": 0.0,
        "avg_time_ms": 0.8437871932983398,
        "std_time_ms": 0.3350327869661912,
        "ops": 62449452206.09534,
        "flops_per_inference": 52694048.0,
        "ops_per_parameter": 1345226.5516251714
    },
    "net-32": {
        "total_params": 116623.0,
        "trainable_params": 116623.0,
        "non_trainable_params": 0.0,
        "avg_time_ms": 1.4260315895080566,
        "std_time_ms": 0.5280023518747204,
        "ops": 80237212725.05061,
        "flops_per_inference": 114420800.0,
        "ops_per_parameter": 688005.0481041528
    }
}